{
    "type": "minecraft:crafting_shapeless",
    "ingredients": [
        {
            "item": "minecraft:paper"
        },
        {
            "item": "minecraft:string"
        },
        {
            "item": "minecraft:paper"
        },
        {
            "item": "minecraft:iron_ingot"
        },
        {
            "item": "minecraft:paper"
        },
        {
            "item": "minecraft:paper"
        },
        {
            "item": "minecraft:paper"
        }
    ],
    "result": {
        "id": "minecraft:name_tag",
        "count": 1
    }
}